{"00000000000000010000    000000000000": [16, 0.08513962672734557], "20000000    000100000000000000000000": [2, 0.0717897987691853], "2000    0000000100000000000000100000": [2, 0.07976644307687256], "2000000000000001    0000000000120000": [2, 0.08862938119652507], "200000000000    00010000000001120000": [2, 0.09847709021836118], "200000000000000000010000    01120200": [2, 0.10941898913151242], "2100000000000000000100000112    0200": [2, 0.12157665459056935], "21200000000000000001000001120200    ": [2, 0.13508517176729928], "21200000000000000001    011202000010": [2, 0.15009463529699918], "2120000000000000    0001211202000010": [2, 0.16677181699666577], "2120000000000010020000012112    0010": [2, 0.18530201888518416], "212000000000021002000001    21120010": [2, 0.20589113209464907], "212000000000    02000001021021120011": [2, 0.2287679245496101], "    00002000212002000001021021120011": [2, 0.2541865828329001], "0000    2000212002000101021021120011": [2, 0.2824295364810001], "00002000    212002020101021021120011": [2, 0.31381059609000006], "00002000010121201202    021021120011": [2, 0.3486784401000001], "0000200001012122    1202021021120011": [2, 0.3874204890000001], "0000210001012122211212020210    0011": [2, 0.4304672100000001], "000021000101212221121202    22100011": [2, 0.4782969000000001], "000021000101    21121202212222101011": [2, 0.531441], "    21000101000021121202212222101211": [2, 0.5904900000000001], "2100    1101000021121202212222101211": [2, 0.6561], "2120211211010000    1202212222101211": [2, 0.7290000000000001], "21202112110100001202    212222111211": [2, 0.81], "21222112110100001202121121222211    ": [2, 0.9], "2122211211110000120212112122    2211": [2, 1.0], "00000000000000010000000000000200    ": [2, 0.20589113209464907], "0000000000000001000001000000    0200": [2, 0.2287679245496101], "002000000000000100000100    00000200": [2, 0.2541865828329001], "002000010000    00000100000100000200": [2, 0.2824295364810001], "0020000100020000    0100000100000200": [2, 0.31381059609000006], "00200001000200000100    100100000200": [2, 0.3486784401000001], "00200001    000021000002100100000200": [2, 0.3874204890000001], "0020    0001000021000102100100000200": [2, 0.4304672100000001], "0020210000010000    0102100100200200": [2, 0.4782969000000001], "002021000011    00000102100100200200": [2, 0.531441], "002021000211100100000102    00200200": [2, 0.5904900000000001], "0020210102111001000001020020    0200": [2, 0.6561], "00202101021110010000012200200200    ": [2, 0.7290000000000001], "00202101021110010000    102002000122": [2, 0.81], "00202101    100100000211122002000122": [2, 0.9], "0020    2101100100000211122002001122": [2, 1.0], "00000000    000100000020000000000000": [2, 0.08862938119652507], "0000    0100000100000020000000000000": [2, 0.09847709021836118], "    00000100000100000020002000000000": [2, 0.10941898913151242], "000100000100    00000020102000000000": [2, 0.12157665459056935], "0001000001000000    0020102200000000": [2, 0.13508517176729928], "0001100001000000000000201022    0000": [2, 0.15009463529699918], "00011000010000002000002010220000    ": [2, 0.16677181699666577], "00011001010000002000    102200000020": [2, 0.18530201888518416], "0001102101000000    2000102200000020": [2, 0.20589113209464907], "0001    0100000010212000112200000020": [2, 0.2287679245496101], "00210100    000010212000112200000020": [2, 0.2541865828329001], "00210100210000001021    112200000020": [2, 0.2824295364810001], "00210100210000001021022011220000    ": [2, 0.31381059609000006], "0021010021000000102102201122    0100": [2, 0.3486784401000001], "002101002100000010210222    11220100": [2, 0.3874204890000001], "002101002100    10211222000011220100": [2, 0.4304672100000001], "0221010021001021    1222000011220100": [2, 0.4782969000000001], "02210100210010211222    000011221100": [2, 0.531441], "22210100210010211222110000001122    ": [2, 0.5904900000000001], "2221010021001021122211100000    1122": [2, 0.6561], "222101002120102112221110    00001122": [2, 0.7290000000000001], "222101002121    12221110102100001122": [2, 0.81], "2221010021211222    1110122100001122": [2, 0.9], "2221010021211222000011111221    1122": [2, 1.0], "00002000    000100000000000000000000": [2, 0.0], "0000    2000000100000000000000000010": [2, 0.0], "    00002000000100000002000000000010": [2, 0.0], "000100012000    00000002000000000010": [2, 0.0], "000100012000000000000002    00000210": [2, 0.0], "0001001120000000000000020000    0210": [2, 0.0], "0001001120000000    0022000000000210": [2, 0.0], "001100112000    00000022000000000210": [2, 0.0], "001100112000000000000022    00002210": [2, 0.0], "00000000000020010000000000000000    ": [2, 0.16677181699666577], "1000000000002001000000000000    0000": [2, 0.18530201888518416], "100020000000200100000000    00000000": [2, 0.20589113209464907], "100020000010    00000000200100000000": [2, 0.2287679245496101], "1000200002100000    0000200100000000": [2, 0.2541865828329001], "1000    0210000020000000200110000000": [2, 0.2824295364810001], "10000210    000020000000220110000000": [2, 0.31381059609000006], "10000211000000002000    220110000000": [2, 0.3486784401000001], "10002211000000002000000022011000    ": [2, 0.3874204890000001], "1001221100000000200000002201    1000": [2, 0.4304672100000001], "100122110000000022000000    22011000": [2, 0.4782969000000001], "100122110000    22000000000022011100": [2, 0.531441], "    22110020100122000000000022011100": [2, 0.5904900000000001], "2211    0020100122000000000022011110": [2, 0.6561], "2211220000201001    0200000022011110": [2, 0.7290000000000001], "221122010020    10010200000022011110": [2, 0.81], "    22010020221110010220000022011110": [2, 0.9], "2201    0020221110010220000022011111": [2, 1.0], "0000    0001000000000000000000000000": [2, 0.0], "00000201    000000000000000000000000": [2, 0.0], "00000201000100000000    000000000000": [2, 0.0], "0020020100010000    0000000000000000": [2, 0.0], "102002010001    00000000000000000000": [2, 0.0], "102002210001000000000000    00000000": [2, 0.0], "1120022100010000000000000000    0000": [2, 0.0], "1120022100210000    0000000000000000": [2, 0.0], "112002210021    00001000000000000000": [2, 0.0], "    02210021112200001000000000000000": [2, 0.0], "0221    0021112200001010000000000000": [2, 0.0], "0221000000211122    1010000020000000": [2, 0.0], "02210000002111221010    000020010000": [2, 0.0], "02210000002111221010000000022001    ": [2, 0.0], "0221000000211122101010000002    2001": [2, 0.0], "2221000000211122    1000000210102001": [2, 0.0], "22211000002111221000    000210102001": [2, 0.0], "22211000    112210000021000210102201": [2, 0.0], "2221    1000112210000121000210102201": [2, 0.0], "2221100210001122    0121000210102201": [2, 0.0], "222110021000    11220121100210102201": [2, 0.0], "    10021000222111220121100210122201": [2, 0.0], "1002    1000222111221121100210122201": [2, 0.0], "10021000    222111221121100212122201": [2, 0.0], "00000000000000010000000000200000    ": [2, 0.13508517176729928], "0000000000001001000000000020    0000": [2, 0.15009463529699918], "200000000000100100000000    00200000": [2, 0.16677181699666577], "200000000000    00000000100100200100": [2, 0.18530201888518416], "    00000000200000000000100120200100": [2, 0.20589113209464907], "0000    0000200100000000100120200100": [2, 0.2287679245496101], "0000000000002021    0000100120200100": [2, 0.2541865828329001], "000000000000    20210000100121200100": [2, 0.2824295364810001], "000000000000100120210000    21202100": [2, 0.31381059609000006], "0000000001001001202100002120    2100": [2, 0.3486784401000001], "00000000010010212021000021202100    ": [2, 0.3874204890000001], "00000000011010212021    212021000000": [2, 0.4304672100000001], "0200000001101021    2021212021000000": [2, 0.4782969000000001], "020000000110    10212021212021000010": [2, 0.531441], "020000000110212012212021    21000010": [2, 0.5904900000000001], "0200000001102121122120212100    0010": [2, 0.6561],